State,Week Ending Date,Predicted (weighted),Unweighted,EstimatedCompletenessfrom2019
Alabama,1/4/20,1076,1076,100.0%
Alabama,1/11/20,1123,1123,100.0%
Alabama,1/18/20,1037,1037,100.0%
Alabama,1/25/20,1057,1050,99.3%
Alabama,2/1/20,1028,1021,99.3%
Alabama,2/8/20,1122,1114,99.3%
Alabama,2/15/20,1096,1088,99.3%
Alabama,2/22/20,1099,1091,99.3%
Alabama,2/29/20,1165,1156,99.2%
Alabama,3/7/20,1059,1051,99.2%
Alabama,3/14/20,1089,1081,99.3%
Alabama,3/21/20,1056,1047,99.1%
Alabama,3/28/20,1067,1057,99.1%
Alabama,4/4/20,1151,1140,99.0%
Alabama,4/11/20,1132,1120,98.9%
Alabama,4/18/20,1141,1127,98.8%
Alabama,4/25/20,1138,1122,98.6%
Alabama,5/2/20,1136,1118,98.4%
Alabama,5/9/20,1164,1142,98.1%
Alabama,5/16/20,1135,1108,97.6%
Alabama,5/23/20,1154,1120,97.1%
Alabama,5/30/20,1091,1049,96.2%
Alabama,6/6/20,1140,1082,94.9%
Alabama,6/13/20,1092,1013,92.8%
Alabama,6/20/20,1013,901,88.9%
Alabama,6/27/20,973,793,81.5%
Alabama,7/4/20,842,566,67.2%
Alaska,1/4/20,89,89,100.0%
Alaska,1/11/20,105,105,100.0%
Alaska,1/18/20,99,99,100.0%
Alaska,1/25/20,100,97,97.0%
Alaska,2/1/20,86,84,97.7%
Alaska,2/8/20,98,95,96.9%
Alaska,2/15/20,90,88,97.8%
Alaska,2/22/20,85,83,97.6%
Alaska,2/29/20,85,83,97.6%
Alaska,3/7/20,80,78,97.5%
Alaska,3/14/20,95,92,96.8%
Alaska,3/21/20,70,68,97.1%
Alaska,3/28/20,88,85,96.6%
Alaska,4/4/20,100,97,97.0%
Alaska,4/11/20,85,82,96.5%
Alaska,4/18/20,83,80,96.4%
Alaska,4/25/20,63,61,96.8%
Alaska,5/2/20,88,84,95.5%
Alaska,5/9/20,89,85,95.5%
Alaska,5/16/20,84,79,94.0%
Alaska,5/23/20,81,75,92.6%
Alaska,5/30/20,92,84,91.3%
Alaska,6/6/20,78,68,87.2%
Alaska,6/13/20,85,70,82.4%
Alaska,6/20/20,76,57,75.0%
Alaska,6/27/20,65,,0.0%
Alaska,7/4/20,66,,0.0%
Arizona,1/4/20,1298,1298,100.0%
Arizona,1/11/20,1389,1389,100.0%
Arizona,1/18/20,1314,1313,99.9%
Arizona,1/25/20,1280,1274,99.5%
Arizona,2/1/20,1269,1263,99.5%
Arizona,2/8/20,1267,1261,99.5%
Arizona,2/15/20,1316,1309,99.5%
Arizona,2/22/20,1344,1337,99.5%
Arizona,2/29/20,1357,1350,99.5%
Arizona,3/7/20,1382,1375,99.5%
Arizona,3/14/20,1353,1346,99.5%
Arizona,3/21/20,1292,1285,99.5%
Arizona,3/28/20,1327,1320,99.5%
Arizona,4/4/20,1361,1354,99.5%
Arizona,4/11/20,1407,1399,99.4%
Arizona,4/18/20,1317,1309,99.4%
Arizona,4/25/20,1384,1376,99.4%
Arizona,5/2/20,1401,1391,99.3%
Arizona,5/9/20,1437,1422,99.0%
Arizona,5/16/20,1312,1292,98.5%
Arizona,5/23/20,1292,1267,98.1%
Arizona,5/30/20,1313,1286,97.9%
Arizona,6/6/20,1411,1378,97.7%
Arizona,6/13/20,1453,1411,97.1%
Arizona,6/20/20,1486,1413,95.1%
Arizona,6/27/20,1379,1226,88.9%
Arizona,7/4/20,1325,1006,75.9%
Arkansas,1/4/20,673,673,100.0%
Arkansas,1/11/20,685,685,100.0%
Arkansas,1/18/20,657,657,100.0%
Arkansas,1/25/20,622,617,99.2%
Arkansas,2/1/20,684,678,99.1%
Arkansas,2/8/20,678,672,99.1%
Arkansas,2/15/20,694,688,99.1%
Arkansas,2/22/20,701,695,99.1%
Arkansas,2/29/20,662,656,99.1%
Arkansas,3/7/20,702,696,99.1%
Arkansas,3/14/20,633,627,99.1%
Arkansas,3/21/20,640,634,99.1%
Arkansas,3/28/20,645,639,99.1%
Arkansas,4/4/20,612,606,99.0%
Arkansas,4/11/20,639,633,99.1%
Arkansas,4/18/20,640,634,99.1%
Arkansas,4/25/20,616,610,99.0%
Arkansas,5/2/20,631,624,98.9%
Arkansas,5/9/20,666,658,98.8%
Arkansas,5/16/20,584,576,98.6%
Arkansas,5/23/20,645,634,98.3%
Arkansas,5/30/20,614,601,97.9%
Arkansas,6/6/20,653,634,97.1%
Arkansas,6/13/20,653,626,95.9%
Arkansas,6/20/20,686,641,93.4%
Arkansas,6/27/20,573,504,88.0%
Arkansas,7/4/20,445,339,76.2%
California,1/4/20,5886,5884,100.0%
California,1/11/20,5866,5865,100.0%
California,1/18/20,5825,5823,100.0%
California,1/25/20,5846,5825,99.6%
California,2/1/20,5698,5678,99.6%
California,2/8/20,5929,5907,99.6%
California,2/15/20,5598,5578,99.6%
California,2/22/20,5815,5794,99.6%
California,2/29/20,5695,5673,99.6%
California,3/7/20,5744,5721,99.6%
California,3/14/20,5475,5453,99.6%
California,3/21/20,5689,5666,99.6%
California,3/28/20,5704,5680,99.6%
California,4/4/20,5993,5966,99.5%
California,4/11/20,6059,6031,99.5%
California,4/18/20,6147,6116,99.5%
California,4/25/20,5940,5909,99.5%
California,5/2/20,5753,5720,99.4%
California,5/9/20,5676,5638,99.3%
California,5/16/20,5697,5649,99.2%
California,5/23/20,5540,5482,99.0%
California,5/30/20,5591,5520,98.7%
California,6/6/20,5472,5388,98.5%
California,6/13/20,5494,5380,97.9%
California,6/20/20,5208,5031,96.6%
California,6/27/20,4835,4334,89.6%
California,7/4/20,4064,3308,81.4%
Colorado,1/4/20,854,854,100.0%
Colorado,1/11/20,873,873,100.0%
Colorado,1/18/20,848,848,100.0%
Colorado,1/25/20,857,852,99.4%
Colorado,2/1/20,795,791,99.5%
Colorado,2/8/20,849,844,99.4%
Colorado,2/15/20,811,807,99.5%
Colorado,2/22/20,885,880,99.4%
Colorado,2/29/20,847,842,99.4%
Colorado,3/7/20,827,820,99.2%
Colorado,3/14/20,826,818,99.0%
Colorado,3/21/20,897,889,99.1%
Colorado,3/28/20,865,857,99.1%
Colorado,4/4/20,976,967,99.1%
Colorado,4/11/20,1106,1095,99.0%
Colorado,4/18/20,1110,1099,99.0%
Colorado,4/25/20,1076,1065,99.0%
Colorado,5/2/20,1005,994,98.9%
Colorado,5/9/20,913,903,98.9%
Colorado,5/16/20,892,882,98.9%
Colorado,5/23/20,851,841,98.8%
Colorado,5/30/20,836,825,98.7%
Colorado,6/6/20,819,806,98.4%
Colorado,6/13/20,811,793,97.8%
Colorado,6/20/20,846,812,96.0%
Colorado,6/27/20,806,731,90.7%
Colorado,7/4/20,415,,0.0%
Connecticut,1/4/20,632,632,100.0%
Connecticut,1/11/20,629,629,100.0%
Connecticut,1/18/20,639,637,99.7%
Connecticut,1/25/20,654,652,99.7%
Connecticut,2/1/20,683,681,99.7%
Connecticut,2/8/20,644,642,99.7%
Connecticut,2/15/20,631,627,99.4%
Connecticut,2/22/20,649,643,99.1%
Connecticut,2/29/20,643,630,98.0%
Connecticut,3/7/20,643,619,96.3%
Connecticut,3/14/20,650,618,95.1%
Connecticut,3/21/20,716,650,90.8%
Connecticut,3/28/20,857,729,85.1%
Connecticut,4/4/20,982,821,83.6%
Connecticut,4/11/20,1373,1148,83.6%
Connecticut,4/18/20,1557,1302,83.6%
Connecticut,4/25/20,1460,1221,83.6%
Connecticut,5/2/20,1133,947,83.6%
Connecticut,5/9/20,894,747,83.6%
Connecticut,5/16/20,798,667,83.6%
Connecticut,5/23/20,610,510,83.6%
Connecticut,5/30/20,519,418,80.5%
Connecticut,6/6/20,533,463,86.9%
Connecticut,6/13/20,448,367,81.9%
Connecticut,6/20/20,,,#DIV/0!
Connecticut,6/27/20,,,#DIV/0!
Connecticut,7/4/20,,,#DIV/0!
Delaware,1/4/20,197,197,100.0%
Delaware,1/11/20,192,192,100.0%
Delaware,1/18/20,189,189,100.0%
Delaware,1/25/20,194,189,97.4%
Delaware,2/1/20,186,181,97.3%
Delaware,2/8/20,196,190,96.9%
Delaware,2/15/20,208,202,97.1%
Delaware,2/22/20,197,192,97.5%
Delaware,2/29/20,168,163,97.0%
Delaware,3/7/20,206,200,97.1%
Delaware,3/14/20,193,188,97.4%
Delaware,3/21/20,228,221,96.9%
Delaware,3/28/20,194,188,96.9%
Delaware,4/4/20,219,211,96.3%
Delaware,4/11/20,225,216,96.0%
Delaware,4/18/20,237,226,95.4%
Delaware,4/25/20,298,282,94.6%
Delaware,5/2/20,265,247,93.2%
Delaware,5/9/20,283,258,91.2%
Delaware,5/16/20,291,262,90.0%
Delaware,5/23/20,228,203,89.0%
Delaware,5/30/20,231,203,87.9%
Delaware,6/6/20,180,156,86.7%
Delaware,6/13/20,188,160,85.1%
Delaware,6/20/20,149,122,81.9%
Delaware,6/27/20,152,114,75.0%
Delaware,7/4/20,132,,0.0%
District of Columbia,1/4/20,131,131,100.0%
District of Columbia,1/11/20,128,128,100.0%
District of Columbia,1/18/20,139,139,100.0%
District of Columbia,1/25/20,133,131,98.5%
District of Columbia,2/1/20,146,143,97.9%
District of Columbia,2/8/20,134,131,97.8%
District of Columbia,2/15/20,124,122,98.4%
District of Columbia,2/22/20,105,103,98.1%
District of Columbia,2/29/20,137,134,97.8%
District of Columbia,3/7/20,120,118,98.3%
District of Columbia,3/14/20,116,114,98.3%
District of Columbia,3/21/20,131,128,97.7%
District of Columbia,3/28/20,133,130,97.7%
District of Columbia,4/4/20,160,156,97.5%
District of Columbia,4/11/20,194,189,97.4%
District of Columbia,4/18/20,201,196,97.5%
District of Columbia,4/25/20,241,234,97.1%
District of Columbia,5/2/20,216,209,96.8%
District of Columbia,5/9/20,208,201,96.6%
District of Columbia,5/16/20,175,168,96.0%
District of Columbia,5/23/20,180,172,95.6%
District of Columbia,5/30/20,172,163,94.8%
District of Columbia,6/6/20,141,132,93.6%
District of Columbia,6/13/20,137,124,90.5%
District of Columbia,6/20/20,123,107,87.0%
District of Columbia,6/27/20,110,87,79.1%
District of Columbia,7/4/20,93,58,62.4%
Florida,1/4/20,4341,4340,100.0%
Florida,1/11/20,4407,4407,100.0%
Florida,1/18/20,4385,4381,99.9%
Florida,1/25/20,4404,4388,99.6%
Florida,2/1/20,4435,4419,99.6%
Florida,2/8/20,4396,4381,99.7%
Florida,2/15/20,4374,4358,99.6%
Florida,2/22/20,4429,4413,99.6%
Florida,2/29/20,4411,4396,99.7%
Florida,3/7/20,4534,4518,99.6%
Florida,3/14/20,4451,4435,99.6%
Florida,3/21/20,4378,4362,99.6%
Florida,3/28/20,4476,4460,99.6%
Florida,4/4/20,4512,4495,99.6%
Florida,4/11/20,4560,4543,99.6%
Florida,4/18/20,4431,4412,99.6%
Florida,4/25/20,4574,4551,99.5%
Florida,5/2/20,4374,4346,99.4%
Florida,5/9/20,4433,4404,99.3%
Florida,5/16/20,4306,4276,99.3%
Florida,5/23/20,4388,4356,99.3%
Florida,5/30/20,4233,4199,99.2%
Florida,6/6/20,4284,4239,98.9%
Florida,6/13/20,4253,4189,98.5%
Florida,6/20/20,4319,4211,97.5%
Florida,6/27/20,4003,3559,88.9%
Florida,7/4/20,3441,2885,83.8%
Georgia,1/4/20,1797,1797,100.0%
Georgia,1/11/20,1796,1795,99.9%
Georgia,1/18/20,1730,1730,100.0%
Georgia,1/25/20,1831,1817,99.2%
Georgia,2/1/20,1799,1784,99.2%
Georgia,2/8/20,1776,1761,99.2%
Georgia,2/15/20,1763,1747,99.1%
Georgia,2/22/20,1749,1732,99.0%
Georgia,2/29/20,1856,1837,99.0%
Georgia,3/7/20,1752,1733,98.9%
Georgia,3/14/20,1779,1758,98.8%
Georgia,3/21/20,1771,1747,98.6%
Georgia,3/28/20,1872,1843,98.5%
Georgia,4/4/20,2028,1993,98.3%
Georgia,4/11/20,2029,1989,98.0%
Georgia,4/18/20,2019,1972,97.7%
Georgia,4/25/20,2049,1992,97.2%
Georgia,5/2/20,1969,1903,96.6%
Georgia,5/9/20,1980,1902,96.1%
Georgia,5/16/20,1947,1856,95.3%
Georgia,5/23/20,1877,1772,94.4%
Georgia,5/30/20,1755,1634,93.1%
Georgia,6/6/20,1725,1575,91.3%
Georgia,6/13/20,1658,1470,88.7%
Georgia,6/20/20,1595,1341,84.1%
Georgia,6/27/20,1450,1088,75.0%
Georgia,7/4/20,1210,,0.0%
Hawaii,1/4/20,240,240,100.0%
Hawaii,1/11/20,241,241,100.0%
Hawaii,1/18/20,214,214,100.0%
Hawaii,1/25/20,244,241,98.8%
Hawaii,2/1/20,245,242,98.8%
Hawaii,2/8/20,237,234,98.7%
Hawaii,2/15/20,284,280,98.6%
Hawaii,2/22/20,251,247,98.4%
Hawaii,2/29/20,240,237,98.8%
Hawaii,3/7/20,242,239,98.8%
Hawaii,3/14/20,247,243,98.4%
Hawaii,3/21/20,215,212,98.6%
Hawaii,3/28/20,237,234,98.7%
Hawaii,4/4/20,238,234,98.3%
Hawaii,4/11/20,225,221,98.2%
Hawaii,4/18/20,214,211,98.6%
Hawaii,4/25/20,203,200,98.5%
Hawaii,5/2/20,225,221,98.2%
Hawaii,5/9/20,212,208,98.1%
Hawaii,5/16/20,233,229,98.3%
Hawaii,5/23/20,212,208,98.1%
Hawaii,5/30/20,204,200,98.0%
Hawaii,6/6/20,220,215,97.7%
Hawaii,6/13/20,203,198,97.5%
Hawaii,6/20/20,240,232,96.7%
Hawaii,6/27/20,213,193,90.6%
Hawaii,7/4/20,181,152,84.0%
Idaho,1/4/20,278,278,100.0%
Idaho,1/11/20,292,292,100.0%
Idaho,1/18/20,293,293,100.0%
Idaho,1/25/20,278,275,98.9%
Idaho,2/1/20,252,249,98.8%
Idaho,2/8/20,295,292,99.0%
Idaho,2/15/20,282,279,98.9%
Idaho,2/22/20,321,318,99.1%
Idaho,2/29/20,293,290,99.0%
Idaho,3/7/20,281,278,98.9%
Idaho,3/14/20,286,283,99.0%
Idaho,3/21/20,311,308,99.0%
Idaho,3/28/20,335,332,99.1%
Idaho,4/4/20,274,271,98.9%
Idaho,4/11/20,308,305,99.0%
Idaho,4/18/20,287,284,99.0%
Idaho,4/25/20,265,262,98.9%
Idaho,5/2/20,254,251,98.8%
Idaho,5/9/20,307,304,99.0%
Idaho,5/16/20,272,269,98.9%
Idaho,5/23/20,265,261,98.5%
Idaho,5/30/20,282,277,98.2%
Idaho,6/6/20,296,290,98.0%
Idaho,6/13/20,287,281,97.9%
Idaho,6/20/20,283,275,97.2%
Idaho,6/27/20,273,232,85.0%
Idaho,7/4/20,212,,0.0%
Illinois,1/4/20,2190,2190,100.0%
Illinois,1/11/20,2250,2250,100.0%
Illinois,1/18/20,2231,2231,100.0%
Illinois,1/25/20,2207,2200,99.7%
Illinois,2/1/20,2144,2138,99.7%
Illinois,2/8/20,2238,2232,99.7%
Illinois,2/15/20,2226,2219,99.7%
Illinois,2/22/20,2212,2205,99.7%
Illinois,2/29/20,2216,2209,99.7%
Illinois,3/7/20,2259,2252,99.7%
Illinois,3/14/20,2199,2193,99.7%
Illinois,3/21/20,2290,2283,99.7%
Illinois,3/28/20,2305,2298,99.7%
Illinois,4/4/20,2624,2616,99.7%
Illinois,4/11/20,2879,2869,99.7%
Illinois,4/18/20,2914,2904,99.7%
Illinois,4/25/20,3023,2999,99.2%
Illinois,5/2/20,2965,2938,99.1%
Illinois,5/9/20,2977,2949,99.1%
Illinois,5/16/20,2863,2836,99.1%
Illinois,5/23/20,2615,2589,99.0%
Illinois,5/30/20,2525,2499,99.0%
Illinois,6/6/20,2496,2468,98.9%
Illinois,6/13/20,2236,2201,98.4%
Illinois,6/20/20,2225,2158,97.0%
Illinois,6/27/20,2009,1868,93.0%
Illinois,7/4/20,1894,1593,84.1%
Indiana,1/4/20,1467,1467,100.0%
Indiana,1/11/20,1386,1386,100.0%
Indiana,1/18/20,1384,1384,100.0%
Indiana,1/25/20,1428,1416,99.2%
Indiana,2/1/20,1381,1369,99.1%
Indiana,2/8/20,1372,1360,99.1%
Indiana,2/15/20,1430,1418,99.2%
Indiana,2/22/20,1412,1400,99.2%
Indiana,2/29/20,1452,1439,99.1%
Indiana,3/7/20,1370,1358,99.1%
Indiana,3/14/20,1406,1393,99.1%
Indiana,3/21/20,1328,1315,99.0%
Indiana,3/28/20,1488,1473,99.0%
Indiana,4/4/20,1587,1570,98.9%
Indiana,4/11/20,1635,1617,98.9%
Indiana,4/18/20,1515,1497,98.8%
Indiana,4/25/20,1600,1580,98.8%
Indiana,5/2/20,1528,1507,98.6%
Indiana,5/9/20,1584,1558,98.4%
Indiana,5/16/20,1564,1534,98.1%
Indiana,5/23/20,1465,1430,97.6%
Indiana,5/30/20,1365,1323,96.9%
Indiana,6/6/20,1368,1311,95.8%
Indiana,6/13/20,1357,1277,94.1%
Indiana,6/20/20,1266,1149,90.8%
Indiana,6/27/20,1220,1010,82.8%
Indiana,7/4/20,1048,711,67.8%
Iowa,1/4/20,663,663,100.0%
Iowa,1/11/20,647,647,100.0%
Iowa,1/18/20,618,618,100.0%
Iowa,1/25/20,646,640,99.1%
Iowa,2/1/20,621,615,99.0%
Iowa,2/8/20,644,637,98.9%
Iowa,2/15/20,606,600,99.0%
Iowa,2/22/20,649,642,98.9%
Iowa,2/29/20,649,642,98.9%
Iowa,3/7/20,630,623,98.9%
Iowa,3/14/20,639,632,98.9%
Iowa,3/21/20,599,592,98.8%
Iowa,3/28/20,599,592,98.8%
Iowa,4/4/20,611,604,98.9%
Iowa,4/11/20,602,595,98.8%
Iowa,4/18/20,639,631,98.7%
Iowa,4/25/20,590,582,98.6%
Iowa,5/2/20,677,667,98.5%
Iowa,5/9/20,700,690,98.6%
Iowa,5/16/20,674,663,98.4%
Iowa,5/23/20,619,607,98.1%
Iowa,5/30/20,619,605,97.7%
Iowa,6/6/20,591,574,97.1%
Iowa,6/13/20,578,554,95.8%
Iowa,6/20/20,515,482,93.6%
Iowa,6/27/20,479,420,87.7%
Iowa,7/4/20,449,341,75.9%
Kansas,1/4/20,590,590,100.0%
Kansas,1/11/20,560,560,100.0%
Kansas,1/18/20,575,575,100.0%
Kansas,1/25/20,578,572,99.0%
Kansas,2/1/20,552,547,99.1%
Kansas,2/8/20,508,503,99.0%
Kansas,2/15/20,579,574,99.1%
Kansas,2/22/20,564,559,99.1%
Kansas,2/29/20,551,546,99.1%
Kansas,3/7/20,579,573,99.0%
Kansas,3/14/20,527,522,99.1%
Kansas,3/21/20,519,514,99.0%
Kansas,3/28/20,522,517,99.0%
Kansas,4/4/20,551,545,98.9%
Kansas,4/11/20,530,524,98.9%
Kansas,4/18/20,549,543,98.9%
Kansas,4/25/20,544,538,98.9%
Kansas,5/2/20,524,518,98.9%
Kansas,5/9/20,507,501,98.8%
Kansas,5/16/20,534,527,98.7%
Kansas,5/23/20,525,517,98.5%
Kansas,5/30/20,511,502,98.2%
Kansas,6/6/20,497,487,98.0%
Kansas,6/13/20,493,480,97.4%
Kansas,6/20/20,471,452,96.0%
Kansas,6/27/20,460,424,92.2%
Kansas,7/4/20,432,356,82.4%
Kentucky,1/4/20,1090,1090,100.0%
Kentucky,1/11/20,1055,1053,99.8%
Kentucky,1/18/20,1039,1039,100.0%
Kentucky,1/25/20,947,940,99.3%
Kentucky,2/1/20,982,974,99.2%
Kentucky,2/8/20,960,953,99.3%
Kentucky,2/15/20,959,951,99.2%
Kentucky,2/22/20,997,989,99.2%
Kentucky,2/29/20,1024,1015,99.1%
Kentucky,3/7/20,1007,998,99.1%
Kentucky,3/14/20,1018,1009,99.1%
Kentucky,3/21/20,950,941,99.1%
Kentucky,3/28/20,940,930,98.9%
Kentucky,4/4/20,1044,1032,98.9%
Kentucky,4/11/20,1024,1011,98.7%
Kentucky,4/18/20,963,949,98.5%
Kentucky,4/25/20,974,957,98.3%
Kentucky,5/2/20,985,964,97.9%
Kentucky,5/9/20,990,963,97.3%
Kentucky,5/16/20,979,943,96.3%
Kentucky,5/23/20,957,907,94.8%
Kentucky,5/30/20,980,912,93.1%
Kentucky,6/6/20,877,793,90.4%
Kentucky,6/13/20,959,828,86.3%
Kentucky,6/20/20,918,725,79.0%
Kentucky,6/27/20,810,545,67.3%
Kentucky,7/4/20,686,,0.0%
Louisiana,1/4/20,925,925,100.0%
Louisiana,1/11/20,960,960,100.0%
Louisiana,1/18/20,953,953,100.0%
Louisiana,1/25/20,971,961,99.0%
Louisiana,2/1/20,982,972,99.0%
Louisiana,2/8/20,960,950,99.0%
Louisiana,2/15/20,950,940,98.9%
Louisiana,2/22/20,953,943,99.0%
Louisiana,2/29/20,998,987,98.9%
Louisiana,3/7/20,963,952,98.9%
Louisiana,3/14/20,992,980,98.8%
Louisiana,3/21/20,950,937,98.6%
Louisiana,3/28/20,1234,1215,98.5%
Louisiana,4/4/20,1388,1364,98.3%
Louisiana,4/11/20,1533,1503,98.0%
Louisiana,4/18/20,1363,1333,97.8%
Louisiana,4/25/20,1246,1213,97.4%
Louisiana,5/2/20,1174,1135,96.7%
Louisiana,5/9/20,1140,1092,95.8%
Louisiana,5/16/20,1104,1043,94.5%
Louisiana,5/23/20,1039,964,92.8%
Louisiana,5/30/20,1048,948,90.5%
Louisiana,6/6/20,1003,873,87.0%
Louisiana,6/13/20,931,771,82.8%
Louisiana,6/20/20,956,729,76.3%
Louisiana,6/27/20,913,594,65.1%
Louisiana,7/4/20,779,,0.0%
Maine,1/4/20,320,320,100.0%
Maine,1/11/20,318,318,100.0%
Maine,1/18/20,295,295,100.0%
Maine,1/25/20,310,307,99.0%
Maine,2/1/20,291,288,99.0%
Maine,2/8/20,319,316,99.1%
Maine,2/15/20,333,329,98.8%
Maine,2/22/20,302,299,99.0%
Maine,2/29/20,295,292,99.0%
Maine,3/7/20,317,313,98.7%
Maine,3/14/20,304,301,99.0%
Maine,3/21/20,280,277,98.9%
Maine,3/28/20,282,279,98.9%
Maine,4/4/20,303,300,99.0%
Maine,4/11/20,308,304,98.7%
Maine,4/18/20,314,310,98.7%
Maine,4/25/20,289,285,98.6%
Maine,5/2/20,281,277,98.6%
Maine,5/9/20,297,293,98.7%
Maine,5/16/20,260,256,98.5%
Maine,5/23/20,270,266,98.5%
Maine,5/30/20,306,302,98.7%
Maine,6/6/20,259,255,98.5%
Maine,6/13/20,259,254,98.1%
Maine,6/20/20,276,270,97.8%
Maine,6/27/20,289,276,95.5%
Maine,7/4/20,252,222,88.1%
Maryland,1/4/20,1050,1049,99.9%
Maryland,1/11/20,1035,1035,100.0%
Maryland,1/18/20,988,988,100.0%
Maryland,1/25/20,1009,1002,99.3%
Maryland,2/1/20,1041,1034,99.3%
Maryland,2/8/20,1010,1003,99.3%
Maryland,2/15/20,1025,1018,99.3%
Maryland,2/22/20,977,971,99.4%
Maryland,2/29/20,1085,1078,99.4%
Maryland,3/7/20,1054,1047,99.3%
Maryland,3/14/20,1013,1006,99.3%
Maryland,3/21/20,1067,1060,99.3%
Maryland,3/28/20,1099,1091,99.3%
Maryland,4/4/20,1196,1187,99.2%
Maryland,4/11/20,1358,1348,99.3%
Maryland,4/18/20,1362,1352,99.3%
Maryland,4/25/20,1534,1522,99.2%
Maryland,5/2/20,1526,1514,99.2%
Maryland,5/9/20,1451,1438,99.1%
Maryland,5/16/20,1428,1415,99.1%
Maryland,5/23/20,1323,1309,98.9%
Maryland,5/30/20,1253,1238,98.8%
Maryland,6/6/20,1164,1146,98.5%
Maryland,6/13/20,1124,1100,97.9%
Maryland,6/20/20,1022,980,95.9%
Maryland,6/27/20,908,821,90.4%
Maryland,7/4/20,798,641,80.3%
Massachusetts,1/4/20,1238,1238,100.0%
Massachusetts,1/11/20,1266,1266,100.0%
Massachusetts,1/18/20,1188,1188,100.0%
Massachusetts,1/25/20,1310,1301,99.3%
Massachusetts,2/1/20,1209,1200,99.3%
Massachusetts,2/8/20,1240,1231,99.3%
Massachusetts,2/15/20,1258,1249,99.3%
Massachusetts,2/22/20,1173,1165,99.3%
Massachusetts,2/29/20,1286,1277,99.3%
Massachusetts,3/7/20,1222,1213,99.3%
Massachusetts,3/14/20,1318,1309,99.3%
Massachusetts,3/21/20,1177,1168,99.2%
Massachusetts,3/28/20,1295,1286,99.3%
Massachusetts,4/4/20,1561,1549,99.2%
Massachusetts,4/11/20,2050,2034,99.2%
Massachusetts,4/18/20,2500,2480,99.2%
Massachusetts,4/25/20,2545,2524,99.2%
Massachusetts,5/2/20,2317,2297,99.1%
Massachusetts,5/9/20,2074,2055,99.1%
Massachusetts,5/16/20,1895,1871,98.7%
Massachusetts,5/23/20,1591,1568,98.6%
Massachusetts,5/30/20,1362,1340,98.4%
Massachusetts,6/6/20,1239,1217,98.2%
Massachusetts,6/13/20,1140,1117,98.0%
Massachusetts,6/20/20,1107,1079,97.5%
Massachusetts,6/27/20,1005,961,95.6%
Massachusetts,7/4/20,819,726,88.6%
Michigan,1/4/20,2013,2013,100.0%
Michigan,1/11/20,2064,2064,100.0%
Michigan,1/18/20,1936,1936,100.0%
Michigan,1/25/20,2024,2004,99.0%
Michigan,2/1/20,2020,2000,99.0%
Michigan,2/8/20,1956,1936,99.0%
Michigan,2/15/20,2031,2009,98.9%
Michigan,2/22/20,2078,2053,98.8%
Michigan,2/29/20,1993,1966,98.6%
Michigan,3/7/20,2008,1978,98.5%
Michigan,3/14/20,1979,1946,98.3%
Michigan,3/21/20,2061,2022,98.1%
Michigan,3/28/20,2462,2406,97.7%
Michigan,4/4/20,3167,3086,97.4%
Michigan,4/11/20,3447,3345,97.0%
Michigan,4/18/20,3225,3117,96.7%
Michigan,4/25/20,2860,2746,96.0%
Michigan,5/2/20,2656,2534,95.4%
Michigan,5/9/20,2197,2073,94.4%
Michigan,5/16/20,2078,1940,93.4%
Michigan,5/23/20,2158,1991,92.3%
Michigan,5/30/20,2106,1921,91.2%
Michigan,6/6/20,2156,1950,90.4%
Michigan,6/13/20,2012,1801,89.5%
Michigan,6/20/20,2019,1783,88.3%
Michigan,6/27/20,1976,1692,85.6%
Michigan,7/4/20,1724,1348,78.2%
Minnesota,1/4/20,1009,1009,100.0%
Minnesota,1/11/20,950,950,100.0%
Minnesota,1/18/20,945,944,99.9%
Minnesota,1/25/20,962,956,99.4%
Minnesota,2/1/20,948,942,99.4%
Minnesota,2/8/20,924,918,99.4%
Minnesota,2/15/20,945,939,99.4%
Minnesota,2/22/20,918,912,99.3%
Minnesota,2/29/20,937,931,99.4%
Minnesota,3/7/20,951,944,99.3%
Minnesota,3/14/20,886,880,99.3%
Minnesota,3/21/20,898,892,99.3%
Minnesota,3/28/20,910,904,99.3%
Minnesota,4/4/20,925,919,99.4%
Minnesota,4/11/20,942,935,99.3%
Minnesota,4/18/20,948,941,99.3%
Minnesota,4/25/20,1013,1005,99.2%
Minnesota,5/2/20,1047,1037,99.0%
Minnesota,5/9/20,1052,1041,99.0%
Minnesota,5/16/20,1000,987,98.7%
Minnesota,5/23/20,1003,986,98.3%
Minnesota,5/30/20,1003,981,97.8%
Minnesota,6/6/20,1016,987,97.1%
Minnesota,6/13/20,924,887,96.0%
Minnesota,6/20/20,891,838,94.1%
Minnesota,6/27/20,724,654,90.3%
Minnesota,7/4/20,491,,0.0%
Mississippi,1/4/20,673,673,100.0%
Mississippi,1/11/20,647,647,100.0%
Mississippi,1/18/20,623,623,100.0%
Mississippi,1/25/20,611,609,99.7%
Mississippi,2/1/20,604,602,99.7%
Mississippi,2/8/20,705,702,99.6%
Mississippi,2/15/20,646,643,99.5%
Mississippi,2/22/20,626,623,99.5%
Mississippi,2/29/20,667,664,99.6%
Mississippi,3/7/20,660,657,99.5%
Mississippi,3/14/20,621,618,99.5%
Mississippi,3/21/20,622,619,99.5%
Mississippi,3/28/20,697,693,99.4%
Mississippi,4/4/20,704,700,99.4%
Mississippi,4/11/20,695,690,99.3%
Mississippi,4/18/20,733,728,99.3%
Mississippi,4/25/20,745,739,99.2%
Mississippi,5/2/20,750,742,98.9%
Mississippi,5/9/20,747,737,98.7%
Mississippi,5/16/20,783,769,98.2%
Mississippi,5/23/20,722,705,97.6%
Mississippi,5/30/20,759,732,96.4%
Mississippi,6/6/20,755,709,93.9%
Mississippi,6/13/20,734,666,90.7%
Mississippi,6/20/20,778,669,86.0%
Mississippi,6/27/20,725,591,81.5%
Mississippi,7/4/20,594,427,71.9%
Missouri,1/4/20,1327,1327,100.0%
Missouri,1/11/20,1331,1331,100.0%
Missouri,1/18/20,1329,1329,100.0%
Missouri,1/25/20,1358,1347,99.2%
Missouri,2/1/20,1367,1356,99.2%
Missouri,2/8/20,1334,1323,99.2%
Missouri,2/15/20,1353,1341,99.1%
Missouri,2/22/20,1362,1350,99.1%
Missouri,2/29/20,1369,1356,99.1%
Missouri,3/7/20,1392,1379,99.1%
Missouri,3/14/20,1300,1287,99.0%
Missouri,3/21/20,1270,1256,98.9%
Missouri,3/28/20,1337,1321,98.8%
Missouri,4/4/20,1298,1281,98.7%
Missouri,4/11/20,1465,1442,98.4%
Missouri,4/18/20,1358,1333,98.2%
Missouri,4/25/20,1459,1426,97.7%
Missouri,5/2/20,1394,1354,97.1%
Missouri,5/9/20,1407,1357,96.4%
Missouri,5/16/20,1358,1296,95.4%
Missouri,5/23/20,1287,1215,94.4%
Missouri,5/30/20,1215,1132,93.2%
Missouri,6/6/20,1239,1133,91.4%
Missouri,6/13/20,1201,1069,89.0%
Missouri,6/20/20,1150,977,85.0%
Missouri,6/27/20,1119,866,77.4%
Missouri,7/4/20,981,619,63.1%
Montana,1/4/20,231,231,100.0%
Montana,1/11/20,211,211,100.0%
Montana,1/18/20,202,202,100.0%
Montana,1/25/20,199,196,98.5%
Montana,2/1/20,221,218,98.6%
Montana,2/8/20,205,202,98.5%
Montana,2/15/20,201,198,98.5%
Montana,2/22/20,221,218,98.6%
Montana,2/29/20,238,235,98.7%
Montana,3/7/20,224,221,98.7%
Montana,3/14/20,221,218,98.6%
Montana,3/21/20,230,227,98.7%
Montana,3/28/20,209,206,98.6%
Montana,4/4/20,180,177,98.3%
Montana,4/11/20,218,215,98.6%
Montana,4/18/20,193,190,98.4%
Montana,4/25/20,191,187,97.9%
Montana,5/2/20,209,204,97.6%
Montana,5/9/20,182,177,97.3%
Montana,5/16/20,211,205,97.2%
Montana,5/23/20,183,178,97.3%
Montana,5/30/20,181,176,97.2%
Montana,6/6/20,183,177,96.7%
Montana,6/13/20,221,211,95.5%
Montana,6/20/20,182,166,91.2%
Montana,6/27/20,185,150,81.1%
Montana,7/4/20,130,,0.0%
Nebraska,1/4/20,345,345,100.0%
Nebraska,1/11/20,362,362,100.0%
Nebraska,1/18/20,333,333,100.0%
Nebraska,1/25/20,363,358,98.6%
Nebraska,2/1/20,378,373,98.7%
Nebraska,2/8/20,349,345,98.9%
Nebraska,2/15/20,330,326,98.8%
Nebraska,2/22/20,322,318,98.8%
Nebraska,2/29/20,345,341,98.8%
Nebraska,3/7/20,359,355,98.9%
Nebraska,3/14/20,347,343,98.8%
Nebraska,3/21/20,354,350,98.9%
Nebraska,3/28/20,335,331,98.8%
Nebraska,4/4/20,313,309,98.7%
Nebraska,4/11/20,347,342,98.6%
Nebraska,4/18/20,357,352,98.6%
Nebraska,4/25/20,356,351,98.6%
Nebraska,5/2/20,347,342,98.6%
Nebraska,5/9/20,341,335,98.2%
Nebraska,5/16/20,357,351,98.3%
Nebraska,5/23/20,350,343,98.0%
Nebraska,5/30/20,377,367,97.3%
Nebraska,6/6/20,318,307,96.5%
Nebraska,6/13/20,311,295,94.9%
Nebraska,6/20/20,358,326,91.1%
Nebraska,6/27/20,274,225,82.1%
Nebraska,7/4/20,234,,0.0%
Nevada,1/4/20,521,521,100.0%
Nevada,1/11/20,556,556,100.0%
Nevada,1/18/20,605,604,99.8%
Nevada,1/25/20,582,576,99.0%
Nevada,2/1/20,536,530,98.9%
Nevada,2/8/20,586,580,99.0%
Nevada,2/15/20,533,527,98.9%
Nevada,2/22/20,550,544,98.9%
Nevada,2/29/20,549,543,98.9%
Nevada,3/7/20,541,535,98.9%
Nevada,3/14/20,520,514,98.8%
Nevada,3/21/20,514,508,98.8%
Nevada,3/28/20,542,536,98.9%
Nevada,4/4/20,598,591,98.8%
Nevada,4/11/20,589,582,98.8%
Nevada,4/18/20,551,544,98.7%
Nevada,4/25/20,567,560,98.8%
Nevada,5/2/20,549,542,98.7%
Nevada,5/9/20,549,541,98.5%
Nevada,5/16/20,520,511,98.3%
Nevada,5/23/20,532,522,98.1%
Nevada,5/30/20,528,516,97.7%
Nevada,6/6/20,545,529,97.1%
Nevada,6/13/20,516,496,96.1%
Nevada,6/20/20,478,451,94.4%
Nevada,6/27/20,434,389,89.6%
Nevada,7/4/20,347,273,78.7%
New Hampshire,1/4/20,261,261,100.0%
New Hampshire,1/11/20,263,263,100.0%
New Hampshire,1/18/20,245,245,100.0%
New Hampshire,1/25/20,245,241,98.4%
New Hampshire,2/1/20,244,240,98.4%
New Hampshire,2/8/20,260,256,98.5%
New Hampshire,2/15/20,239,236,98.7%
New Hampshire,2/22/20,281,277,98.6%
New Hampshire,2/29/20,230,227,98.7%
New Hampshire,3/7/20,270,266,98.5%
New Hampshire,3/14/20,244,240,98.4%
New Hampshire,3/21/20,256,252,98.4%
New Hampshire,3/28/20,262,258,98.5%
New Hampshire,4/4/20,252,248,98.4%
New Hampshire,4/11/20,274,270,98.5%
New Hampshire,4/18/20,246,242,98.4%
New Hampshire,4/25/20,276,272,98.6%
New Hampshire,5/2/20,269,265,98.5%
New Hampshire,5/9/20,297,292,98.3%
New Hampshire,5/16/20,290,285,98.3%
New Hampshire,5/23/20,273,268,98.2%
New Hampshire,5/30/20,255,250,98.0%
New Hampshire,6/6/20,265,259,97.7%
New Hampshire,6/13/20,308,300,97.4%
New Hampshire,6/20/20,243,235,96.7%
New Hampshire,6/27/20,236,223,94.5%
New Hampshire,7/4/20,214,187,87.4%
New Jersey,1/4/20,1628,1628,100.0%
New Jersey,1/11/20,1588,1587,99.9%
New Jersey,1/18/20,1489,1488,99.9%
New Jersey,1/25/20,1589,1577,99.2%
New Jersey,2/1/20,1526,1514,99.2%
New Jersey,2/8/20,1502,1491,99.3%
New Jersey,2/15/20,1496,1484,99.2%
New Jersey,2/22/20,1503,1491,99.2%
New Jersey,2/29/20,1584,1571,99.2%
New Jersey,3/7/20,1517,1505,99.2%
New Jersey,3/14/20,1488,1475,99.1%
New Jersey,3/21/20,1608,1594,99.1%
New Jersey,3/28/20,2137,2118,99.1%
New Jersey,4/4/20,3499,3469,99.1%
New Jersey,4/11/20,4781,4738,99.1%
New Jersey,4/18/20,4749,4706,99.1%
New Jersey,4/25/20,3983,3945,99.0%
New Jersey,5/2/20,3194,3162,99.0%
New Jersey,5/9/20,2612,2585,99.0%
New Jersey,5/16/20,2289,2264,98.9%
New Jersey,5/23/20,1949,1913,98.2%
New Jersey,5/30/20,1772,1725,97.3%
New Jersey,6/6/20,1613,1565,97.0%
New Jersey,6/13/20,1513,1455,96.2%
New Jersey,6/20/20,1441,1364,94.7%
New Jersey,6/27/20,1396,1262,90.4%
New Jersey,7/4/20,1221,1001,82.0%
New Mexico,1/4/20,401,401,100.0%
New Mexico,1/11/20,406,406,100.0%
New Mexico,1/18/20,385,384,99.7%
New Mexico,1/25/20,403,395,98.0%
New Mexico,2/1/20,375,367,97.9%
New Mexico,2/8/20,375,366,97.6%
New Mexico,2/15/20,388,379,97.7%
New Mexico,2/22/20,392,382,97.4%
New Mexico,2/29/20,400,390,97.5%
New Mexico,3/7/20,398,387,97.2%
New Mexico,3/14/20,344,334,97.1%
New Mexico,3/21/20,393,381,96.9%
New Mexico,3/28/20,369,357,96.7%
New Mexico,4/4/20,399,385,96.5%
New Mexico,4/11/20,412,396,96.1%
New Mexico,4/18/20,428,410,95.8%
New Mexico,4/25/20,408,389,95.3%
New Mexico,5/2/20,419,397,94.7%
New Mexico,5/9/20,441,414,93.9%
New Mexico,5/16/20,469,436,93.0%
New Mexico,5/23/20,397,363,91.4%
New Mexico,5/30/20,423,381,90.1%
New Mexico,6/6/20,441,389,88.2%
New Mexico,6/13/20,422,361,85.5%
New Mexico,6/20/20,404,328,81.2%
New Mexico,6/27/20,373,270,72.4%
New Mexico,7/4/20,344,193,56.1%
New York,1/4/20,2163,2155,99.6%
New York,1/11/20,2092,2092,100.0%
New York,1/18/20,2165,2165,100.0%
New York,1/25/20,2028,2020,99.6%
New York,2/1/20,2032,2024,99.6%
New York,2/8/20,2059,2051,99.6%
New York,2/15/20,1989,1981,99.6%
New York,2/22/20,2036,2027,99.6%
New York,2/29/20,2164,2155,99.6%
New York,3/7/20,2067,2058,99.6%
New York,3/14/20,1979,1970,99.5%
New York,3/21/20,2111,2102,99.6%
New York,3/28/20,2535,2524,99.6%
New York,4/4/20,3755,3737,99.5%
New York,4/11/20,4650,4627,99.5%
New York,4/18/20,4465,4442,99.5%
New York,4/25/20,3736,3714,99.4%
New York,5/2/20,3131,3111,99.4%
New York,5/9/20,2781,2760,99.2%
New York,5/16/20,2501,2479,99.1%
New York,5/23/20,2236,2209,98.8%
New York,5/30/20,2117,2080,98.3%
New York,6/6/20,1996,1940,97.2%
New York,6/13/20,1953,1860,95.2%
New York,6/20/20,2006,1851,92.3%
New York,6/27/20,2124,1864,87.8%
New York,7/4/20,1967,1585,80.6%
New York City,1/4/20,1155,1154,99.9%
New York City,1/11/20,1137,1137,100.0%
New York City,1/18/20,1129,1129,100.0%
New York City,1/25/20,1189,1179,99.2%
New York City,2/1/20,1179,1169,99.2%
New York City,2/8/20,1181,1171,99.2%
New York City,2/15/20,1133,1123,99.1%
New York City,2/22/20,1089,1080,99.2%
New York City,2/29/20,1115,1105,99.1%
New York City,3/7/20,1122,1113,99.2%
New York City,3/14/20,1148,1138,99.1%
New York City,3/21/20,1416,1402,99.0%
New York City,3/28/20,2832,2799,98.8%
New York City,4/4/20,6373,6290,98.7%
New York City,4/11/20,7958,7853,98.7%
New York City,4/18/20,5980,5901,98.7%
New York City,4/25/20,4104,4050,98.7%
New York City,5/2/20,2884,2845,98.6%
New York City,5/9/20,2101,2071,98.6%
New York City,5/16/20,1625,1602,98.6%
New York City,5/23/20,1341,1311,97.8%
New York City,5/30/20,1192,1164,97.7%
New York City,6/6/20,1143,1112,97.3%
New York City,6/13/20,1131,1088,96.2%
New York City,6/20/20,1022,979,95.8%
New York City,6/27/20,1069,1013,94.8%
New York City,7/4/20,909,801,88.1%
North Carolina,1/4/20,2003,2003,100.0%
North Carolina,1/11/20,1983,1983,100.0%
North Carolina,1/18/20,1901,1901,100.0%
North Carolina,1/25/20,1996,1992,99.8%
North Carolina,2/1/20,1988,1984,99.8%
North Carolina,2/8/20,2059,2055,99.8%
North Carolina,2/15/20,2064,2060,99.8%
North Carolina,2/22/20,1930,1926,99.8%
North Carolina,2/29/20,1972,1968,99.8%
North Carolina,3/7/20,2038,2033,99.8%
North Carolina,3/14/20,2022,2017,99.8%
North Carolina,3/21/20,2051,2045,99.7%
North Carolina,3/28/20,1870,1864,99.7%
North Carolina,4/4/20,2017,2010,99.7%
North Carolina,4/11/20,2011,2001,99.5%
North Carolina,4/18/20,2031,2014,99.2%
North Carolina,4/25/20,2115,2084,98.5%
North Carolina,5/2/20,1962,1905,97.1%
North Carolina,5/9/20,2099,1971,93.9%
North Carolina,5/16/20,2038,1792,87.9%
North Carolina,5/23/20,1903,1480,77.8%
North Carolina,5/30/20,1435,,0.0%
North Carolina,6/6/20,,,#DIV/0!
North Carolina,6/13/20,,,#DIV/0!
North Carolina,6/20/20,,,#DIV/0!
North Carolina,6/27/20,,,#DIV/0!
North Carolina,7/4/20,,,#DIV/0!
North Dakota,1/4/20,149,149,100.0%
North Dakota,1/11/20,151,151,100.0%
North Dakota,1/18/20,171,171,100.0%
North Dakota,1/25/20,148,146,98.6%
North Dakota,2/1/20,132,130,98.5%
North Dakota,2/8/20,139,137,98.6%
North Dakota,2/15/20,147,145,98.6%
North Dakota,2/22/20,178,175,98.3%
North Dakota,2/29/20,154,151,98.1%
North Dakota,3/7/20,171,168,98.2%
North Dakota,3/14/20,150,148,98.7%
North Dakota,3/21/20,148,143,96.6%
North Dakota,3/28/20,117,105,89.7%
North Dakota,4/4/20,138,115,83.3%
North Dakota,4/11/20,155,130,83.9%
North Dakota,4/18/20,154,140,90.9%
North Dakota,4/25/20,154,136,88.3%
North Dakota,5/2/20,144,124,86.1%
North Dakota,5/9/20,136,115,84.6%
North Dakota,5/16/20,147,128,87.1%
North Dakota,5/23/20,135,128,94.8%
North Dakota,5/30/20,134,118,88.1%
North Dakota,6/6/20,162,146,90.1%
North Dakota,6/13/20,144,125,86.8%
North Dakota,6/20/20,120,97,80.8%
North Dakota,6/27/20,101,71,70.3%
North Dakota,7/4/20,67,,0.0%
Ohio,1/4/20,2541,2539,
Ohio,1/11/20,2615,2605,
Ohio,1/18/20,2474,2466,
Ohio,1/25/20,2571,2560,
Ohio,2/1/20,2501,2490,
Ohio,2/8/20,2541,2530,
Ohio,2/15/20,2492,2481,
Ohio,2/22/20,2534,2522,
Ohio,2/29/20,2461,2450,
Ohio,3/7/20,2498,2486,
Ohio,3/14/20,2543,2519,
Ohio,3/21/20,2508,2481,
Ohio,3/28/20,2498,2457,
Ohio,4/4/20,2558,2531,
Ohio,4/11/20,2619,2602,
Ohio,4/18/20,2636,2612,
Ohio,4/25/20,2817,2788,
Ohio,5/2/20,2737,2705,
Ohio,5/9/20,2626,2591,
Ohio,5/16/20,2694,2650,
Ohio,5/23/20,2665,2612,
Ohio,5/30/20,2506,2443,
Ohio,6/6/20,2579,2487,
Ohio,6/13/20,2386,2238,
Ohio,6/20/20,2281,1987,
Ohio,6/27/20,2193,1488,
Ohio,7/4/20,2441,,
Oklahoma,1/4/20,899,890,
Oklahoma,1/11/20,823,797,
Oklahoma,1/18/20,850,778,
Oklahoma,1/25/20,796,683,
Oklahoma,2/1/20,825,723,
Oklahoma,2/8/20,810,804,
Oklahoma,2/15/20,795,784,
Oklahoma,2/22/20,806,749,
Oklahoma,2/29/20,816,789,
Oklahoma,3/7/20,799,792,
Oklahoma,3/14/20,796,789,
Oklahoma,3/21/20,832,824,
Oklahoma,3/28/20,860,851,
Oklahoma,4/4/20,778,770,
Oklahoma,4/11/20,848,839,
Oklahoma,4/18/20,788,779,
Oklahoma,4/25/20,763,726,
Oklahoma,5/2/20,741,691,
Oklahoma,5/9/20,781,769,
Oklahoma,5/16/20,729,715,
Oklahoma,5/23/20,809,790,
Oklahoma,5/30/20,730,707,
Oklahoma,6/6/20,765,732,
Oklahoma,6/13/20,722,675,
Oklahoma,6/20/20,661,593,
Oklahoma,6/27/20,622,512,
Oklahoma,7/4/20,528,,
Oregon,1/4/20,737,736,
Oregon,1/11/20,764,764,
Oregon,1/18/20,769,769,
Oregon,1/25/20,752,745,
Oregon,2/1/20,734,727,
Oregon,2/8/20,733,727,
Oregon,2/15/20,787,780,
Oregon,2/22/20,739,732,
Oregon,2/29/20,739,732,
Oregon,3/7/20,795,788,
Oregon,3/14/20,750,743,
Oregon,3/21/20,780,773,
Oregon,3/28/20,776,768,
Oregon,4/4/20,785,777,
Oregon,4/11/20,774,766,
Oregon,4/18/20,770,762,
Oregon,4/25/20,773,765,
Oregon,5/2/20,717,709,
Oregon,5/9/20,709,700,
Oregon,5/16/20,723,713,
Oregon,5/23/20,752,740,
Oregon,5/30/20,748,733,
Oregon,6/6/20,656,635,
Oregon,6/13/20,648,610,
Oregon,6/20/20,627,551,
Oregon,6/27/20,504,379,
Oregon,7/4/20,482,,
Pennsylvania,1/4/20,2756,2754,
Pennsylvania,1/11/20,2813,2811,
Pennsylvania,1/18/20,2819,2818,
Pennsylvania,1/25/20,2710,2700,
Pennsylvania,2/1/20,2597,2587,
Pennsylvania,2/8/20,2619,2603,
Pennsylvania,2/15/20,2536,2499,
Pennsylvania,2/22/20,2381,2338,
Pennsylvania,2/29/20,2204,2180,
Pennsylvania,3/7/20,1981,1956,
Pennsylvania,3/14/20,2134,2095,
Pennsylvania,3/21/20,2287,2231,
Pennsylvania,3/28/20,2682,2598,
Pennsylvania,4/4/20,3007,2890,
Pennsylvania,4/11/20,3525,3359,
Pennsylvania,4/18/20,3850,3635,
Pennsylvania,4/25/20,3962,3703,
Pennsylvania,5/2/20,3772,3485,
Pennsylvania,5/9/20,3675,3351,
Pennsylvania,5/16/20,3551,3182,
Pennsylvania,5/23/20,3289,2872,
Pennsylvania,5/30/20,3205,2701,
Pennsylvania,6/6/20,3010,2614,
Pennsylvania,6/13/20,3006,2461,
Pennsylvania,6/20/20,3299,2459,
Pennsylvania,6/27/20,3022,2142,
Pennsylvania,7/4/20,2630,1726,
Puerto Rico,1/4/20,552,551,
Puerto Rico,1/11/20,588,588,
Puerto Rico,1/18/20,651,648,
Puerto Rico,1/25/20,624,620,
Puerto Rico,2/1/20,586,582,
Puerto Rico,2/8/20,605,601,
Puerto Rico,2/15/20,618,614,
Puerto Rico,2/22/20,615,611,
Puerto Rico,2/29/20,620,616,
Puerto Rico,3/7/20,619,614,
Puerto Rico,3/14/20,595,590,
Puerto Rico,3/21/20,629,623,
Puerto Rico,3/28/20,642,634,
Puerto Rico,4/4/20,577,567,
Puerto Rico,4/11/20,602,589,
Puerto Rico,4/18/20,565,549,
Puerto Rico,4/25/20,549,529,
Puerto Rico,5/2/20,552,525,
Puerto Rico,5/9/20,578,538,
Puerto Rico,5/16/20,563,504,
Puerto Rico,5/23/20,596,499,
Puerto Rico,5/30/20,662,499,
Puerto Rico,6/6/20,543,472,
Puerto Rico,6/13/20,518,424,
Puerto Rico,6/20/20,424,292,
Puerto Rico,6/27/20,302,,
Puerto Rico,7/4/20,,,
Rhode Island,1/4/20,225,225,
Rhode Island,1/11/20,201,201,
Rhode Island,1/18/20,204,204,
Rhode Island,1/25/20,202,198,
Rhode Island,2/1/20,224,220,
Rhode Island,2/8/20,247,243,
Rhode Island,2/15/20,185,182,
Rhode Island,2/22/20,209,205,
Rhode Island,2/29/20,240,236,
Rhode Island,3/7/20,258,253,
Rhode Island,3/14/20,198,195,
Rhode Island,3/21/20,223,219,
Rhode Island,3/28/20,202,198,
Rhode Island,4/4/20,237,233,
Rhode Island,4/11/20,249,244,
Rhode Island,4/18/20,276,271,
Rhode Island,4/25/20,298,292,
Rhode Island,5/2/20,337,330,
Rhode Island,5/9/20,384,375,
Rhode Island,5/16/20,301,294,
Rhode Island,5/23/20,280,272,
Rhode Island,5/30/20,258,249,
Rhode Island,6/6/20,242,228,
Rhode Island,6/13/20,199,177,
Rhode Island,6/20/20,194,150,
Rhode Island,6/27/20,137,,
Rhode Island,7/4/20,,,
South Carolina,1/4/20,1085,1085,
South Carolina,1/11/20,1080,1080,
South Carolina,1/18/20,1048,1048,
South Carolina,1/25/20,1037,1033,
South Carolina,2/1/20,1036,1032,
South Carolina,2/8/20,1101,1096,
South Carolina,2/15/20,1007,1003,
South Carolina,2/22/20,1039,1034,
South Carolina,2/29/20,1047,1042,
South Carolina,3/7/20,1137,1132,
South Carolina,3/14/20,1108,1103,
South Carolina,3/21/20,1072,1067,
South Carolina,3/28/20,1042,1037,
South Carolina,4/4/20,1054,1049,
South Carolina,4/11/20,1138,1133,
South Carolina,4/18/20,1051,1046,
South Carolina,4/25/20,1021,1016,
South Carolina,5/2/20,1032,1025,
South Carolina,5/9/20,1066,1057,
South Carolina,5/16/20,1119,1107,
South Carolina,5/23/20,1053,1039,
South Carolina,5/30/20,1060,1040,
South Carolina,6/6/20,1051,1024,
South Carolina,6/13/20,1101,1057,
South Carolina,6/20/20,1073,996,
South Carolina,6/27/20,937,792,
South Carolina,7/4/20,918,621,
South Dakota,1/4/20,169,169,
South Dakota,1/11/20,169,169,
South Dakota,1/18/20,168,168,
South Dakota,1/25/20,152,150,
South Dakota,2/1/20,165,162,
South Dakota,2/8/20,152,150,
South Dakota,2/15/20,180,177,
South Dakota,2/22/20,179,176,
South Dakota,2/29/20,166,163,
South Dakota,3/7/20,197,194,
South Dakota,3/14/20,169,166,
South Dakota,3/21/20,164,161,
South Dakota,3/28/20,151,149,
South Dakota,4/4/20,173,170,
South Dakota,4/11/20,151,149,
South Dakota,4/18/20,155,152,
South Dakota,4/25/20,177,174,
South Dakota,5/2/20,159,156,
South Dakota,5/9/20,182,178,
South Dakota,5/16/20,147,143,
South Dakota,5/23/20,162,157,
South Dakota,5/30/20,156,151,
South Dakota,6/6/20,141,135,
South Dakota,6/13/20,154,145,
South Dakota,6/20/20,160,143,
South Dakota,6/27/20,120,93,
South Dakota,7/4/20,112,,
Tennessee,1/4/20,1612,1612,
Tennessee,1/11/20,1685,1685,
Tennessee,1/18/20,1591,1591,
Tennessee,1/25/20,1536,1529,
Tennessee,2/1/20,1593,1586,
Tennessee,2/8/20,1617,1610,
Tennessee,2/15/20,1459,1452,
Tennessee,2/22/20,1516,1509,
Tennessee,2/29/20,1505,1498,
Tennessee,3/7/20,1614,1606,
Tennessee,3/14/20,1599,1591,
Tennessee,3/21/20,1526,1518,
Tennessee,3/28/20,1519,1511,
Tennessee,4/4/20,1585,1576,
Tennessee,4/11/20,1518,1508,
Tennessee,4/18/20,1544,1534,
Tennessee,4/25/20,1473,1462,
Tennessee,5/2/20,1487,1474,
Tennessee,5/9/20,1489,1473,
Tennessee,5/16/20,1554,1534,
Tennessee,5/23/20,1557,1531,
Tennessee,5/30/20,1462,1431,
Tennessee,6/6/20,1470,1427,
Tennessee,6/13/20,1483,1421,
Tennessee,6/20/20,1545,1443,
Tennessee,6/27/20,1374,1214,
Tennessee,7/4/20,1074,826,
Texas,1/4/20,4323,4323,
Texas,1/11/20,4561,4561,
Texas,1/18/20,4248,4248,
Texas,1/25/20,4144,4123,
Texas,2/1/20,4190,4169,
Texas,2/8/20,4345,4316,
Texas,2/15/20,4357,4332,
Texas,2/22/20,4232,4209,
Texas,2/29/20,4161,4138,
Texas,3/7/20,4186,4163,
Texas,3/14/20,4178,4155,
Texas,3/21/20,4263,4239,
Texas,3/28/20,4268,4243,
Texas,4/4/20,4189,4162,
Texas,4/11/20,4278,4248,
Texas,4/18/20,4307,4275,
Texas,4/25/20,4458,4422,
Texas,5/2/20,4266,4226,
Texas,5/9/20,4290,4241,
Texas,5/16/20,4281,4217,
Texas,5/23/20,4258,4166,
Texas,5/30/20,4149,4028,
Texas,6/6/20,4220,4042,
Texas,6/13/20,4407,4104,
Texas,6/20/20,4443,3885,
Texas,6/27/20,4060,3088,
Texas,7/4/20,3654,2130,
United States,1/4/20,60092,60051,
United States,1/11/20,60645,60560,
United States,1/18/20,59254,59112,
United States,1/25/20,59309,58665,
United States,2/1/20,58830,58320,
United States,2/8/20,59469,59081,
United States,2/15/20,58729,58314,
United States,2/22/20,58788,58305,
United States,2/29/20,58952,58504,
United States,3/7/20,59072,58621,
United States,3/14/20,58193,57702,
United States,3/21/20,59097,58522,
United States,3/28/20,63264,62494,
United States,4/4/20,72596,71648,
United States,4/11/20,79528,78360,
United States,4/18/20,77329,76042,
United States,4/25/20,74348,72941,
United States,5/2/20,69652,68185,
United States,5/9/20,67052,65458,
United States,5/16/20,64632,62735,
United States,5/23/20,61727,59414,
United States,5/30/20,59403,56570,
United States,6/6/20,57485,54897,
United States,6/13/20,56004,52503,
United States,6/20/20,54636,49535,
United States,6/27/20,50743,42457,
United States,7/4/20,44013,31217,
Utah,1/4/20,392,392,
Utah,1/11/20,438,438,
Utah,1/18/20,409,409,
Utah,1/25/20,393,390,
Utah,2/1/20,365,362,
Utah,2/8/20,314,312,
Utah,2/15/20,415,412,
Utah,2/22/20,369,366,
Utah,2/29/20,398,395,
Utah,3/7/20,406,403,
Utah,3/14/20,407,404,
Utah,3/21/20,413,410,
Utah,3/28/20,397,394,
Utah,4/4/20,411,408,
Utah,4/11/20,380,377,
Utah,4/18/20,389,386,
Utah,4/25/20,408,404,
Utah,5/2/20,382,379,
Utah,5/9/20,373,370,
Utah,5/16/20,407,402,
Utah,5/23/20,377,371,
Utah,5/30/20,395,388,
Utah,6/6/20,409,401,
Utah,6/13/20,392,384,
Utah,6/20/20,408,394,
Utah,6/27/20,383,356,
Utah,7/4/20,349,268,
Vermont,1/4/20,92,92,
Vermont,1/11/20,111,102,
Vermont,1/18/20,134,134,
Vermont,1/25/20,121,119,
Vermont,2/1/20,98,96,
Vermont,2/8/20,123,121,
Vermont,2/15/20,128,126,
Vermont,2/22/20,114,107,
Vermont,2/29/20,140,137,
Vermont,3/7/20,117,115,
Vermont,3/14/20,165,162,
Vermont,3/21/20,138,135,
Vermont,3/28/20,125,106,
Vermont,4/4/20,133,130,
Vermont,4/11/20,129,126,
Vermont,4/18/20,132,129,
Vermont,4/25/20,135,120,
Vermont,5/2/20,112,109,
Vermont,5/9/20,114,111,
Vermont,5/16/20,104,101,
Vermont,5/23/20,118,115,
Vermont,5/30/20,137,130,
Vermont,6/6/20,120,116,
Vermont,6/13/20,108,103,
Vermont,6/20/20,99,90,
Vermont,6/27/20,148,122,
Vermont,7/4/20,89,60,
Virginia,1/4/20,1438,1428,
Virginia,1/11/20,1562,1534,
Virginia,1/18/20,1465,1420,
Virginia,1/25/20,1454,1280,
Virginia,2/1/20,1473,1421,
Virginia,2/8/20,1529,1524,
Virginia,2/15/20,1380,1376,
Virginia,2/22/20,1447,1442,
Virginia,2/29/20,1391,1386,
Virginia,3/7/20,1482,1477,
Virginia,3/14/20,1435,1430,
Virginia,3/21/20,1456,1451,
Virginia,3/28/20,1520,1515,
Virginia,4/4/20,1472,1467,
Virginia,4/11/20,1624,1617,
Virginia,4/18/20,1605,1596,
Virginia,4/25/20,1638,1627,
Virginia,5/2/20,1674,1659,
Virginia,5/9/20,1602,1584,
Virginia,5/16/20,1576,1551,
Virginia,5/23/20,1487,1453,
Virginia,5/30/20,1471,1419,
Virginia,6/6/20,1424,1367,
Virginia,6/13/20,1430,1366,
Virginia,6/20/20,1285,1177,
Virginia,6/27/20,1407,1175,
Virginia,7/4/20,1024,693,
Washington,1/4/20,1184,1184,
Washington,1/11/20,1244,1243,
Washington,1/18/20,1221,1221,
Washington,1/25/20,1205,1193,
Washington,2/1/20,1209,1197,
Washington,2/8/20,1189,1177,
Washington,2/15/20,1190,1178,
Washington,2/22/20,1126,1114,
Washington,2/29/20,1144,1132,
Washington,3/7/20,1219,1206,
Washington,3/14/20,1175,1163,
Washington,3/21/20,1234,1222,
Washington,3/28/20,1302,1290,
Washington,4/4/20,1313,1300,
Washington,4/11/20,1307,1293,
Washington,4/18/20,1254,1241,
Washington,4/25/20,1236,1222,
Washington,5/2/20,1160,1145,
Washington,5/9/20,1217,1200,
Washington,5/16/20,1147,1130,
Washington,5/23/20,1122,1099,
Washington,5/30/20,1067,1043,
Washington,6/6/20,1071,1045,
Washington,6/13/20,1110,1080,
Washington,6/20/20,1133,1088,
Washington,6/27/20,989,889,
Washington,7/4/20,912,700,
West Virginia,1/4/20,473,469,
West Virginia,1/11/20,494,490,
West Virginia,1/18/20,520,517,
West Virginia,1/25/20,443,437,
West Virginia,2/1/20,485,478,
West Virginia,2/8/20,484,476,
West Virginia,2/15/20,478,470,
West Virginia,2/22/20,473,464,
West Virginia,2/29/20,464,455,
West Virginia,3/7/20,490,481,
West Virginia,3/14/20,478,468,
West Virginia,3/21/20,476,465,
West Virginia,3/28/20,498,486,
West Virginia,4/4/20,459,447,
West Virginia,4/11/20,504,485,
West Virginia,4/18/20,402,360,
West Virginia,4/25/20,433,408,
West Virginia,5/2/20,454,426,
West Virginia,5/9/20,455,421,
West Virginia,5/16/20,482,434,
West Virginia,5/23/20,420,360,
West Virginia,5/30/20,429,329,
West Virginia,6/6/20,327,263,
West Virginia,6/13/20,323,,
West Virginia,6/20/20,,,
West Virginia,6/27/20,,,
West Virginia,7/4/20,,,
Wisconsin,1/4/20,1118,1118,
Wisconsin,1/11/20,1060,1060,
Wisconsin,1/18/20,1133,1133,
Wisconsin,1/25/20,1092,1086,
Wisconsin,2/1/20,1183,1176,
Wisconsin,2/8/20,1059,1053,
Wisconsin,2/15/20,1132,1125,
Wisconsin,2/22/20,1167,1160,
Wisconsin,2/29/20,1143,1136,
Wisconsin,3/7/20,1122,1115,
Wisconsin,3/14/20,1112,1105,
Wisconsin,3/21/20,1119,1112,
Wisconsin,3/28/20,1153,1146,
Wisconsin,4/4/20,1227,1220,
Wisconsin,4/11/20,1177,1170,
Wisconsin,4/18/20,1155,1148,
Wisconsin,4/25/20,1032,1025,
Wisconsin,5/2/20,1170,1162,
Wisconsin,5/9/20,1082,1074,
Wisconsin,5/16/20,1025,1016,
Wisconsin,5/23/20,1083,1071,
Wisconsin,5/30/20,1146,1131,
Wisconsin,6/6/20,1039,1023,
Wisconsin,6/13/20,1032,1010,
Wisconsin,6/20/20,1063,1028,
Wisconsin,6/27/20,977,905,
Wisconsin,7/4/20,805,660,
Wyoming,1/4/20,144,144,
Wyoming,1/11/20,81,81,
Wyoming,1/18/20,103,103,
Wyoming,1/25/20,98,96,
Wyoming,2/1/20,96,94,
Wyoming,2/8/20,99,97,
Wyoming,2/15/20,77,75,
Wyoming,2/22/20,103,101,
Wyoming,2/29/20,102,100,
Wyoming,3/7/20,82,80,
Wyoming,3/14/20,87,85,
Wyoming,3/21/20,120,117,
Wyoming,3/28/20,90,88,
Wyoming,4/4/20,126,123,
Wyoming,4/11/20,104,102,
Wyoming,4/18/20,91,89,
Wyoming,4/25/20,100,98,
Wyoming,5/2/20,70,68,
Wyoming,5/9/20,85,83,
Wyoming,5/16/20,103,100,
Wyoming,5/23/20,99,96,
Wyoming,5/30/20,82,79,
Wyoming,6/6/20,103,99,
Wyoming,6/13/20,93,88,
Wyoming,6/20/20,87,79,
Wyoming,6/27/20,69,57,
Wyoming,7/4/20,95,63,